Ano;Turno;Município;Número;Candidato;Zona;Seção;Seções Agregadas;Votos;Local de Votação;Endereço Local de Votação;Bairro;
2024;1;FORTALEZA;11024;SÁVIO MESQUITA;1;82;;1;FACULDADE FARIAS BRITO - CASTRO MONTE;RUA CASTRO MONTE 1364;VARJOTA;
2024;1;FORTALEZA;11024;SÁVIO MESQUITA;1;83;;1;FACULDADE FARIAS BRITO - CASTRO MONTE;RUA CASTRO MONTE 1364;VARJOTA;
2024;1;FORTALEZA;11024;SÁVIO MESQUITA;1;143;;1;ESCOLA ESTADUAL ARQUITETO ROGERIO FROES;AVENIDA DAS GRAVIOLAS 1000;CIDADE 2000;
2024;1;FORTALEZA;11024;SÁVIO MESQUITA;1;505;;1;UNINTA - FACULDADE UNINTA FORTALEZA;RUA VILEBALDO AGUIAR,133;COCÓ;
2024;1;FORTALEZA;11024;SÁVIO MESQUITA;1;604;;1;UNINTA - FACULDADE UNINTA FORTALEZA;RUA VILEBALDO AGUIAR,133;COCÓ;
2024;1;FORTALEZA;11024;SÁVIO MESQUITA;1;691;;1;IATE CLUBE;AVENIDA DA ABOLIÇÃO 4813;MUCURIPE;
2024;1;FORTALEZA;11024;SÁVIO MESQUITA;1;819;;1;ESCOLA MUNICIPAL ODNILRA CRUZ MOREIRA;AVENIDA DAS ADENANTERAS 800;CIDADE 2000;
2024;1;FORTALEZA;11024;SÁVIO MESQUITA;1;822;;1;COLEGIO ARI DE SA - MONSENHOR CATAO;RUA MONSENHOR CATAO, 1655;ALDEOTA;
2024;1;FORTALEZA;11024;SÁVIO MESQUITA;1;832;;1;FANOR - FACULDADE NORDESTE;AVENIDA SANTOS DUMONT 7800;DE LOURDES;
2024;1;FORTALEZA;11024;SÁVIO MESQUITA;1;850;;1;COLEGIO ARI DE SA - MONSENHOR CATAO;RUA MONSENHOR CATAO, 1655;ALDEOTA;
2024;1;FORTALEZA;11024;SÁVIO MESQUITA;1;856;;1;COLEGIO ARI DE SA - MONSENHOR CATAO;RUA MONSENHOR CATAO, 1655;ALDEOTA;
2024;1;FORTALEZA;11024;SÁVIO MESQUITA;1;877;;3;ESCOLA MUNICIPAL ODNILRA CRUZ MOREIRA;AVENIDA DAS ADENANTERAS 800;CIDADE 2000;
2024;1;FORTALEZA;11024;SÁVIO MESQUITA;1;887;;1;COLEGIO ARI DE SA - MONSENHOR CATAO;RUA MONSENHOR CATAO, 1655;ALDEOTA;
2024;1;FORTALEZA;11024;SÁVIO MESQUITA;1;889;;1;UNINTA - FACULDADE UNINTA FORTALEZA;RUA VILEBALDO AGUIAR,133;COCÓ;
2024;1;FORTALEZA;11024;SÁVIO MESQUITA;1;890;;1;COLEGIO ANTARES - OCELO PINHEIRO;RUA PROFESSOR OCELO PINHEIRO 101;PAPICU;
2024;1;FORTALEZA;11024;SÁVIO MESQUITA;1;917;;1;UNINTA - FACULDADE UNINTA FORTALEZA;RUA VILEBALDO AGUIAR,133;COCÓ;
2024;1;FORTALEZA;11024;SÁVIO MESQUITA;2;86;;1;EEFM JOSE DE ALENCAR;RUA VENEZA, 84;MESSEJANA;
2024;1;FORTALEZA;11024;SÁVIO MESQUITA;2;91;;1;CLUBE DA CAIXA;AVENIDA FREI CIRILO 4700;MESSEJANA;
2024;1;FORTALEZA;11024;SÁVIO MESQUITA;2;93;;1;CLUBE DA CAIXA;AVENIDA FREI CIRILO 4700;MESSEJANA;
2024;1;FORTALEZA;11024;SÁVIO MESQUITA;2;99;;1;EM PROFª TELINA BARBOSA DA  COSTA;RUA PERGENTINO MAIA, 811;MESSEJANA;
2024;1;FORTALEZA;11024;SÁVIO MESQUITA;2;112;;1;EMEIF DEMOCRITO ROCHA;RUA PADRE PEDRO DE ALENCAR, 2012;MESSEJANA;
2024;1;FORTALEZA;11024;SÁVIO MESQUITA;2;138;;1;EEM LICEU DE MESSEJANA;AVENIDA WASHINGTON SOARES 7702;MESSEJANA;
2024;1;FORTALEZA;11024;SÁVIO MESQUITA;2;160;;1;INSTITUTO FREI JOAO PEDRO DE SEXTO;AVENIDA FREI CIRILO, 4241;MESSEJANA;
2024;1;FORTALEZA;11024;SÁVIO MESQUITA;2;162;;1;INSTITUTO FREI JOAO PEDRO DE SEXTO;AVENIDA FREI CIRILO, 4241;MESSEJANA;
2024;1;FORTALEZA;11024;SÁVIO MESQUITA;2;418;;1;EEFM JOSE DE ALENCAR;RUA VENEZA, 84;MESSEJANA;
2024;1;FORTALEZA;11024;SÁVIO MESQUITA;2;435;;1;EEFM JOSE DE ALENCAR;RUA VENEZA, 84;MESSEJANA;
2024;1;FORTALEZA;11024;SÁVIO MESQUITA;2;710;;3;FACULDADE ATENEU DO CEARÁ;AV. COLETOR ANTONIO GADELHA, 621;MESSEJANA;
2024;1;FORTALEZA;11024;SÁVIO MESQUITA;2;734;;1;EEFM JOSE DE ALENCAR;RUA VENEZA, 84;MESSEJANA;
2024;1;FORTALEZA;11024;SÁVIO MESQUITA;2;743;;1;CMES PROFª TEREZINHA FERREIRA PARENTE;RUA NELSON COELHO, 209;LAGOA REDONDA;
2024;1;FORTALEZA;11024;SÁVIO MESQUITA;2;772;;1;EEFM JOSE DE ALENCAR;RUA VENEZA, 84;MESSEJANA;
2024;1;FORTALEZA;11024;SÁVIO MESQUITA;2;779;;2;COLÉGIO CHRISTUS SUL;AV. ENG. LEAL LIMA VERDE, 2265;JOSÉ DE ALENCAR;
2024;1;FORTALEZA;11024;SÁVIO MESQUITA;3;125;;1;COLÉGIO ESTADUAL LICEU DO CEARÁ;PRAÇA GUSTAVO BARROSO, 01;JACARECANGA;
2024;1;FORTALEZA;11024;SÁVIO MESQUITA;3;133;;1;COLÉGIO ESTADUAL LICEU DO CEARÁ;PRAÇA GUSTAVO BARROSO, 01;JACARECANGA;
2024;1;FORTALEZA;11024;SÁVIO MESQUITA;3;176;;1;IEP - INST. DE EDUCAÇÃO PORTAL - UNIDADE FORTALEZA;AV. PADRE IBIAPINA, 1243;CENTRO;
2024;1;FORTALEZA;11024;SÁVIO MESQUITA;3;224;;1;FACULDADE ARI DE SÁ;AV. HERÁCLITO GRAÇA, 826;CENTRO;
2024;1;FORTALEZA;11024;SÁVIO MESQUITA;3;242;243;2;COLÉGIO ARI DE SÁ - PRÉ-VESTIBULAR - SEDE DUQUE DE CAXIAS;AV. DUQUE DE CAXIAS, 519;CENTRO;
2024;1;FORTALEZA;11024;SÁVIO MESQUITA;3;264;263, 265;1;EEMTI VISCONDE DO RIO BRANCO;AV. DOM MANUEL, 1803;CENTRO;
2024;1;FORTALEZA;11024;SÁVIO MESQUITA;3;304;262, 311;1;EEMTI VISCONDE DO RIO BRANCO;AV. DOM MANUEL, 1803;CENTRO;
2024;1;FORTALEZA;11024;SÁVIO MESQUITA;3;422;;1;FACULDADE ARI DE SÁ;AV. HERÁCLITO GRAÇA, 826;CENTRO;
2024;1;FORTALEZA;11024;SÁVIO MESQUITA;3;431;;2;FACULDADE ARI DE SÁ;AV. HERÁCLITO GRAÇA, 826;CENTRO;
2024;1;FORTALEZA;11024;SÁVIO MESQUITA;3;439;;1;COLÉGIO CHRISTUS (AV. BARÃO DE STUDART);RUA JOÃO CARVALHO, 630;ALDEOTA;
2024;1;FORTALEZA;11024;SÁVIO MESQUITA;3;506;510;1;CENTRO DE PASTORAL MARIA, MÃE DA IGREJA;RUA RODRIGUES JÚNIOR, 300;CENTRO;
2024;1;FORTALEZA;11024;SÁVIO MESQUITA;3;511;517;1;CENTRO DE PASTORAL MARIA, MÃE DA IGREJA;RUA RODRIGUES JÚNIOR, 300;CENTRO;
2024;1;FORTALEZA;11024;SÁVIO MESQUITA;3;577;;2;EM JOSÉ DIAS MACEDO;RUA NUNES VALENTE, 809;MEIRELES;
2024;1;FORTALEZA;11024;SÁVIO MESQUITA;3;605;;1;COLÉGIO SANTA CECÍLIA;AV. SENADOR VIRGÍLIO TÁVORA, 2000;ALDEOTA;
2024;1;FORTALEZA;11024;SÁVIO MESQUITA;3;619;;1;ESCOLA DE SAÚDE PÚBLICA - NEPE (ANEXO);AV. ANTÔNIO JUSTA, 3161;MEIRELES;
2024;1;FORTALEZA;11024;SÁVIO MESQUITA;3;628;;1;COLÉGIO BATISTA - SANTOS DUMONT;RUA DESEMBARGADOR LEITE ALBUQUERQUE, 1056;ALDEOTA;
2024;1;FORTALEZA;11024;SÁVIO MESQUITA;3;636;;1;NÁUTICO ATLÉTICO CEARENSE;AV. DA ABOLIÇÃO, 2727;MEIRELES;
2024;1;FORTALEZA;11024;SÁVIO MESQUITA;3;640;;1;NÁUTICO ATLÉTICO CEARENSE;AV. DA ABOLIÇÃO, 2727;MEIRELES;
2024;1;FORTALEZA;11024;SÁVIO MESQUITA;80;151;;2;EEFM CEL PROF JOSÉ AURÉLIO CÂMARA;RUA JORGE ACURCIO, 655;VILA UNIÃO;
2024;1;FORTALEZA;11024;SÁVIO MESQUITA;80;154;;1;EEFM CEL PROF JOSÉ AURÉLIO CÂMARA;RUA JORGE ACURCIO, 655;VILA UNIÃO;
2024;1;FORTALEZA;11024;SÁVIO MESQUITA;80;155;;1;EEFM CEL PROF JOSÉ AURÉLIO CÂMARA;RUA JORGE ACURCIO, 655;VILA UNIÃO;
2024;1;FORTALEZA;11024;SÁVIO MESQUITA;80;184;;1;COLÉGIO NOSSA SENHORA DAS GRAÇAS;RUA MONSENHOR OTÁVIO DE CASTRO, 535;FÁTIMA;
2024;1;FORTALEZA;11024;SÁVIO MESQUITA;80;235;;1;EEFM NOEL HUGNEN OLIVEIRA PAIVA;RUA MONSENHOR SALAZAR 279;TAUAPE;
2024;1;FORTALEZA;11024;SÁVIO MESQUITA;80;269;;1;FACULDADE MAURÍCIO DE NASSAU;AVENIDA VISCONDE DO RIO BRANCO, 2078;JOSÉ BONIFÁCIO;
2024;1;FORTALEZA;11024;SÁVIO MESQUITA;80;274;;1;ESCOLA MUNICIPAL HAROLDO JORGE BRAUN VIEIRA;AV LAURO VIEIRA CHAVES, 2001;VILA UNIÃO;
2024;1;FORTALEZA;11024;SÁVIO MESQUITA;80;288;;1;ESCOLA MUNICIPAL PAPA JOÃO XXIII;AV TREZE DE ABRIL, 545;VILA UNIÃO;
2024;1;FORTALEZA;11024;SÁVIO MESQUITA;80;290;;1;ESCOLA MUNICIPAL PAPA JOÃO XXIII;AV TREZE DE ABRIL, 545;VILA UNIÃO;
2024;1;FORTALEZA;11024;SÁVIO MESQUITA;80;292;;2;ESCOLA MUNICIPAL PAPA JOÃO XXIII;AV TREZE DE ABRIL, 545;VILA UNIÃO;
2024;1;FORTALEZA;11024;SÁVIO MESQUITA;80;310;;1;COLÉGIO CHRISTUS - DIONÍSIO TORRES;RUA ISRAEL BEZERRA 630;DIONISIO TORRES;
2024;1;FORTALEZA;11024;SÁVIO MESQUITA;80;322;;1;COLÉGIO SANTO INACIO;AVENIDA DESEMBARGADOR MOREIRA 2355;DIONISIO TORRES;
2024;1;FORTALEZA;11024;SÁVIO MESQUITA;80;343;;1;COLÉGIO SALESIANO DOM BOSCO;AV ANTONIO SALES 116;JOAQUIM TÁVORA;
2024;1;FORTALEZA;11024;SÁVIO MESQUITA;80;347;;1;COLÉGIO SALESIANO DOM BOSCO;AV ANTONIO SALES 116;JOAQUIM TÁVORA;
2024;1;FORTALEZA;11024;SÁVIO MESQUITA;80;348;;1;COLÉGIO SALESIANO DOM BOSCO;AV ANTONIO SALES 116;JOAQUIM TÁVORA;
2024;1;FORTALEZA;11024;SÁVIO MESQUITA;80;349;;1;COLÉGIO SALESIANO DOM BOSCO;AV ANTONIO SALES 116;JOAQUIM TÁVORA;
2024;1;FORTALEZA;11024;SÁVIO MESQUITA;80;350;;1;COLÉGIO SALESIANO DOM BOSCO;AV ANTONIO SALES 116;JOAQUIM TÁVORA;
2024;1;FORTALEZA;11024;SÁVIO MESQUITA;80;352;;2;COLÉGIO SALESIANO DOM BOSCO;AV ANTONIO SALES 116;JOAQUIM TÁVORA;
2024;1;FORTALEZA;11024;SÁVIO MESQUITA;80;363;;1;INSTITUTO DE EDUCAÇÃO DO CEARÁ;RUA GRACILIANO RAMOS, 52;FÁTIMA;
2024;1;FORTALEZA;11024;SÁVIO MESQUITA;80;368;;1;INSTITUTO DE EDUCAÇÃO DO CEARÁ;RUA GRACILIANO RAMOS, 52;FÁTIMA;
2024;1;FORTALEZA;11024;SÁVIO MESQUITA;80;419;;1;FACULDADE MAURÍCIO DE NASSAU;AVENIDA VISCONDE DO RIO BRANCO, 2078;JOSÉ BONIFÁCIO;
2024;1;FORTALEZA;11024;SÁVIO MESQUITA;82;69;;1;COLÉGIO MANUEL DA SILVA - CARLITO PAMPLONA;AV. FRANCISCO SÁ, 4001;CARLITO PAMPLONA;
2024;1;FORTALEZA;11024;SÁVIO MESQUITA;82;84;;1;ESCOLA MUNICIPAL TERTULIANO CAMBRAIA - EI/EF;RUA MONSENHOR ROSA, 946;CARLITO PAMPLONA;
2024;1;FORTALEZA;11024;SÁVIO MESQUITA;82;198;;1;ESCOLA MUNICIPAL FAUSTINO DE ALBUQUERQUE - EI/EF;RUA AMARO CAVALCANTE, 221;MONTE CASTELO;
2024;1;FORTALEZA;11024;SÁVIO MESQUITA;82;211;;1;COLÉGIO PROF. F. EURÍDICE;RUA NATURALISTA FEIJÓ, 736;MONTE CASTELO;
2024;1;FORTALEZA;11024;SÁVIO MESQUITA;82;250;;1;ESCOLA MUNICIPAL HILBERTO SILVA - EI/EF;AV. PRESIDENTE CASTELO BRANCO, 2973;PIRAMBU;
2024;1;FORTALEZA;11024;SÁVIO MESQUITA;82;256;;1;CEJA PAULO FREIRE;RUA OLAVO BILAC, 1300;SÃO GERARDO;
2024;1;FORTALEZA;11024;SÁVIO MESQUITA;82;389;;1;EEFM GOVERNADOR FLÁVIO MARCÍLIO;AV. PASTEUR, 575;PIRAMBU;
2024;1;FORTALEZA;11024;SÁVIO MESQUITA;82;395;;2;ESCOLA MUNICIPAL TERTULIANO CAMBRAIA - EI/EF;RUA MONSENHOR ROSA, 946;CARLITO PAMPLONA;
2024;1;FORTALEZA;11024;SÁVIO MESQUITA;82;611;;1;INSTITUTO MATER AMABILIS;RUA PADRE ANCHIETA, 438;MONTE CASTELO;
2024;1;FORTALEZA;11024;SÁVIO MESQUITA;83;32;;1;EEMTI ESTADO DO AMAZONAS;RUA MONSENHOR FURTADO 2327;BELA VISTA;
2024;1;FORTALEZA;11024;SÁVIO MESQUITA;83;68;;1;EEFM JOAQUIM ALVES;RUA ESTADO DO RIO 955;DEMOCRITO ROCHA;
2024;1;FORTALEZA;11024;SÁVIO MESQUITA;83;530;;1;CENTRO DE FORMAÇÃO E DESENV. PARA PROFISSIONAIS DA EDUCAÇÃO - FORMACE;RUA PORTO VELHO, 401;JOÃO XXIII;
2024;1;FORTALEZA;11024;SÁVIO MESQUITA;83;680;;1;ESCOLA MUNICIPAL DONA DAGMAR GENTIL;RUA VITORIA 1750;HENRIQUE JORGE;
2024;1;FORTALEZA;11024;SÁVIO MESQUITA;83;688;;1;EEMTI ESTADO DO AMAZONAS;RUA MONSENHOR FURTADO 2327;BELA VISTA;
2024;1;FORTALEZA;11024;SÁVIO MESQUITA;83;786;;1;CENTRO DE FORMAÇÃO E DESENV. PARA PROFISSIONAIS DA EDUCAÇÃO - FORMACE;RUA PORTO VELHO, 401;JOÃO XXIII;
2024;1;FORTALEZA;11024;SÁVIO MESQUITA;85;147;;1;EEEP PROFESSOR CESAR CAMPELO;RUA 717, N.164, 3 ETAPA;CONJUNTO CEARÁ I;
2024;1;FORTALEZA;11024;SÁVIO MESQUITA;85;178;;1;EMTI MARIA DA HORA;RUA RAIMUNDO RIBEIRO, S/N;AUTRAN NUNES;
2024;1;FORTALEZA;11024;SÁVIO MESQUITA;85;204;;1;ESCOLA MUNICIPAL PROF AMERICO BARREIRA;RUA RICARDO PONTES 529;GENIBAÚ;
2024;1;FORTALEZA;11024;SÁVIO MESQUITA;85;341;;1;ESCOLA MUNICIPAL DEP JOAO FREDERICO FERREIRA GOMES;RUA JOSE MENDONCA 1160;GENIBAÚ;
2024;1;FORTALEZA;11024;SÁVIO MESQUITA;85;347;;1;EMTI PROF PRISCO BEZERRA;AVENIDA F , 174;CONJUNTO CEARÁ I;
2024;1;FORTALEZA;11024;SÁVIO MESQUITA;93;109;;1;EM OSMIRIO DE OLIVEIRA BARRETO;RUA 10, S/N (CJ SITIO DO CÓRREGO);MONDUBIM;
2024;1;FORTALEZA;11024;SÁVIO MESQUITA;93;114;;1;CEI MARIA HERCILIA EVANGELISTA;RUA 3, 300 - PARQUE SANTANA;MONDUBIM;
2024;1;FORTALEZA;11024;SÁVIO MESQUITA;93;125;;1;EEFM DEPUTADO JOACI PEREIRA;RUA PROFESSOR PEDRO JORGE, 830;PLANALTO AYRTON SENNA;
2024;1;FORTALEZA;11024;SÁVIO MESQUITA;93;145;;1;EEEP PROFESSOR ONELIO PORTO;AVENIDA E, 471 - II ETAPA;PREFEITO JOSÉ WALTER;
2024;1;FORTALEZA;11024;SÁVIO MESQUITA;93;178;;1;EEFM ESTADO DO MARANHAO;RUA CARLOS PIMENTA,506;MONDUBIM;
2024;1;FORTALEZA;11024;SÁVIO MESQUITA;93;182;;1;EEFM ESTADO DO MARANHAO;RUA CARLOS PIMENTA,506;MONDUBIM;
2024;1;FORTALEZA;11024;SÁVIO MESQUITA;93;235;;1;EEEP PROFESSOR OTAVIO TERCEIRO DE FARIAS;AVENIDA C, 435;PREFEITO JOSÉ WALTER;
2024;1;FORTALEZA;11024;SÁVIO MESQUITA;93;282;;1;EEEP PROFESSOR ONELIO PORTO;AVENIDA E, 471 - II ETAPA;PREFEITO JOSÉ WALTER;
2024;1;FORTALEZA;11024;SÁVIO MESQUITA;93;284;;4;COLEGIO 21 EDUCAR;AV JOAO DE ARAUJO LIMA, 1240 - II ETAPA;PREFEITO JOSÉ WALTER;
2024;1;FORTALEZA;11024;SÁVIO MESQUITA;94;377;;1;EM MANOEL RODRIGUES;RUA MARIA CLARA 1237;VILA VELHA;
2024;1;FORTALEZA;11024;SÁVIO MESQUITA;94;671;;1;EMEIEF PROF JOSE PARSIFAL BARROSO;AV MAJOR ASSIS 1076;VILA VELHA;
2024;1;FORTALEZA;11024;SÁVIO MESQUITA;94;696;940;1;COLEGIO JULIA FIALHO;RUA JOSE ACIOLY 73;ANTÔNIO BEZERRA;
2024;1;FORTALEZA;11024;SÁVIO MESQUITA;94;721;;1;EEFM DEP FCO DE ALMEIDA MONTE;AV. CORONEL CARVALHO 2400;JARDIM IRACEMA;
2024;1;FORTALEZA;11024;SÁVIO MESQUITA;94;782;;1;EMEIEF PROF JOSE PARSIFAL BARROSO;AV MAJOR ASSIS 1076;VILA VELHA;
2024;1;FORTALEZA;11024;SÁVIO MESQUITA;94;816;;1;EEFM DOM HELDER CAMARA;RUA ROSINHA SAMPAIO 1157;VILA VELHA;
2024;1;FORTALEZA;11024;SÁVIO MESQUITA;94;822;;1;COLEGIO JULIA FIALHO;RUA JOSE ACIOLY 73;ANTÔNIO BEZERRA;
2024;1;FORTALEZA;11024;SÁVIO MESQUITA;94;843;;1;COLEGIO DOM FELIPE - JUNIOR;RUA FRANCISCO MENDES DE OLIVEIRA, 183;QUINTINO CUNHA;
2024;1;FORTALEZA;11024;SÁVIO MESQUITA;94;850;;1;COLEGIO JULIA FIALHO;RUA JOSE ACIOLY 73;ANTÔNIO BEZERRA;
2024;1;FORTALEZA;11024;SÁVIO MESQUITA;94;912;;1;COLÉGIO CIENTISTA;RUA 31, 330 - CONJUNTO POLAR;VILA VELHA;
2024;1;FORTALEZA;11024;SÁVIO MESQUITA;95;127;;1;EM PROFESSOR FRANCISCO DE MELO JABORANDI;AV. GOVERNADOR LEONEL BRIZOLA, 198;JANGURUSSU;
2024;1;FORTALEZA;11024;SÁVIO MESQUITA;95;130;;1;EM PROFESSOR FRANCISCO DE MELO JABORANDI;AV. GOVERNADOR LEONEL BRIZOLA, 198;JANGURUSSU;
2024;1;FORTALEZA;11024;SÁVIO MESQUITA;95;135;;1;EM PROFESSOR FRANCISCO DE MELO JABORANDI;AV. GOVERNADOR LEONEL BRIZOLA, 198;JANGURUSSU;
2024;1;FORTALEZA;11024;SÁVIO MESQUITA;95;145;;1;CEI CESAR CALS DE OLIVEIRA NETO;RUA CAMPINENSE, 54;CONJUNTO PALMEIRAS;
2024;1;FORTALEZA;11024;SÁVIO MESQUITA;95;150;;1;EEFM ALMIRANTE TAMANDARÉ;RUA DO MANDACARU, 1048 CJ ALMIRANTE TAMANDARÉ;JANGURUSSU;
2024;1;FORTALEZA;11024;SÁVIO MESQUITA;95;151;;1;EEFM ALMIRANTE TAMANDARÉ;RUA DO MANDACARU, 1048 CJ ALMIRANTE TAMANDARÉ;JANGURUSSU;
2024;1;FORTALEZA;11024;SÁVIO MESQUITA;95;152;;1;EEFM ALMIRANTE TAMANDARÉ;RUA DO MANDACARU, 1048 CJ ALMIRANTE TAMANDARÉ;JANGURUSSU;
2024;1;FORTALEZA;11024;SÁVIO MESQUITA;95;179;;1;DNIT;RODOVIA BR-116, KM 06;CAJAZEIRAS;
2024;1;FORTALEZA;11024;SÁVIO MESQUITA;95;208;;1;EEFM ALMIRANTE TAMANDARÉ;RUA DO MANDACARU, 1048 CJ ALMIRANTE TAMANDARÉ;JANGURUSSU;
2024;1;FORTALEZA;11024;SÁVIO MESQUITA;95;210;;1;EEFM ALMIRANTE TAMANDARÉ;RUA DO MANDACARU, 1048 CJ ALMIRANTE TAMANDARÉ;JANGURUSSU;
2024;1;FORTALEZA;11024;SÁVIO MESQUITA;95;241;;1;EMEIEF TAÍS MARIA BEZERRA NOGUEIRA;AV. GOVERNADOR LEONEL BRIZOLA, 710;JANGURUSSU;
2024;1;FORTALEZA;11024;SÁVIO MESQUITA;95;244;;1;EMEIEF TAÍS MARIA BEZERRA NOGUEIRA;AV. GOVERNADOR LEONEL BRIZOLA, 710;JANGURUSSU;
2024;1;FORTALEZA;11024;SÁVIO MESQUITA;95;246;;1;EMEIEF TAÍS MARIA BEZERRA NOGUEIRA;AV. GOVERNADOR LEONEL BRIZOLA, 710;JANGURUSSU;
2024;1;FORTALEZA;11024;SÁVIO MESQUITA;95;294;;1;EMEIEF MARTHA DOS MARTINS COELHO GUILHERME;RUA 313, 243, CONJUNTO SÃO CRISTÓVÃO;JANGURUSSU;
2024;1;FORTALEZA;11024;SÁVIO MESQUITA;95;311;;1;EM PROFESSORA MARIA DO SOCORRO FERREIRA VIRINO;RUA MODESTA, 44;CONJUNTO PALMEIRAS;
2024;1;FORTALEZA;11024;SÁVIO MESQUITA;95;315;;2;EM PROFESSORA MARIA DO SOCORRO FERREIRA VIRINO;RUA MODESTA, 44;CONJUNTO PALMEIRAS;
2024;1;FORTALEZA;11024;SÁVIO MESQUITA;95;327;;1;EEFM PROFESSOR  ALOYSIO BARROS LEAL;RUA 10,  LOT. PRQ.VERDE 28 (CJ JOAO PAULO II);BARROSO;
2024;1;FORTALEZA;11024;SÁVIO MESQUITA;95;355;;1;CUCA JANGURUSSU;AV. GOVERNADOR LEONEL BRIZOLA, S/N;JANGURUSSU;
2024;1;FORTALEZA;11024;SÁVIO MESQUITA;112;417;;1;COLEGIO ARI DE SA CAVALCANTE WS;AV WASHINGTON SOARES, 3737;EDSON QUEIROZ;
2024;1;FORTALEZA;11024;SÁVIO MESQUITA;112;494;;1;COLEGIO MASTER SUL;RUA BENJAMIM MOURA, 631;CIDADE DOS FUNCIONÁRIOS;
2024;1;FORTALEZA;11024;SÁVIO MESQUITA;112;495;;1;COLEGIO MASTER SUL;RUA BENJAMIM MOURA, 631;CIDADE DOS FUNCIONÁRIOS;
2024;1;FORTALEZA;11024;SÁVIO MESQUITA;112;496;;1;COLEGIO MASTER SUL;RUA BENJAMIM MOURA, 631;CIDADE DOS FUNCIONÁRIOS;
2024;1;FORTALEZA;11024;SÁVIO MESQUITA;112;503;;1;EM PROF FRANCISCO MAURICIO MATOS DOURADO;RUA  DES FLORIANO BENEVIDES MAGALHÃES, 391;EDSON QUEIROZ;
2024;1;FORTALEZA;11024;SÁVIO MESQUITA;112;549;;1;COLÉGIO NOVA DIMENSÃO;AV. EDILSON BRASIL SOARES, 1599;EDSON QUEIROZ;
2024;1;FORTALEZA;11024;SÁVIO MESQUITA;112;552;;1;COLÉGIO DÁULIA BRINGEL;RUA TRAJANO ALVES DE AGUIAR, 55;CIDADE DOS FUNCIONÁRIOS;
2024;1;FORTALEZA;11024;SÁVIO MESQUITA;112;568;;1;COLÉGIO NOVA DIMENSÃO;AV. EDILSON BRASIL SOARES, 1599;EDSON QUEIROZ;
2024;1;FORTALEZA;11024;SÁVIO MESQUITA;113;50;;1;COLÉGIO FARIAS BRITO;RUA SENADOR POMPEU, 2607;JOSÉ BONIFÁCIO;
2024;1;FORTALEZA;11024;SÁVIO MESQUITA;113;55;;1;COLÉGIO FARIAS BRITO;RUA SENADOR POMPEU, 2607;JOSÉ BONIFÁCIO;
2024;1;FORTALEZA;11024;SÁVIO MESQUITA;113;76;;1;COLÉGIO LOURENÇO FILHO;RUA BARÃO DO RIO BRANCO, 2101;CENTRO;
2024;1;FORTALEZA;11024;SÁVIO MESQUITA;113;78;;1;COLÉGIO LOURENÇO FILHO;RUA BARÃO DO RIO BRANCO, 2101;CENTRO;
2024;1;FORTALEZA;11024;SÁVIO MESQUITA;113;114;;1;COLÉGIO CHRISTUS BENFICA;RUA LUIS DE MIRANDA, 536;BENFICA;
2024;1;FORTALEZA;11024;SÁVIO MESQUITA;113;117;118;1;EEFM FREI LAURO SCHWARTE;RUA ANTÔNIO POMPEU, 2005;CENTRO;
2024;1;FORTALEZA;11024;SÁVIO MESQUITA;113;154;;1;COLÉGIO MEDALHA MILAGROSA;RUA PADRE JOÃO PIAMARTA,  415;BOM FUTURO;
2024;1;FORTALEZA;11024;SÁVIO MESQUITA;113;162;;1;EMEIF MOZART PINTO;RUA JORGE DUMMAR, 2078;JARDIM AMÉRICA;
2024;1;FORTALEZA;11024;SÁVIO MESQUITA;113;163;;1;EMEIF MOZART PINTO;RUA JORGE DUMMAR, 2078;JARDIM AMÉRICA;
2024;1;FORTALEZA;11024;SÁVIO MESQUITA;113;195;;1;FACULDADE DE PSICOLOGIA DA UFC;AV. DA UNIVERSIDADE, 2762;BENFICA;
2024;1;FORTALEZA;11024;SÁVIO MESQUITA;113;221;;1;COLÉGIO MANUELITO AZEVEDO;RUA TIRADENTES, 483;RODOLFO TEÓFILO;
2024;1;FORTALEZA;11024;SÁVIO MESQUITA;113;239;;1;EEFM ANTONIO SALES - PARQUELÂNDIA;RUA PROF. ANACLETO, 630;PARQUELÂNDIA;
2024;1;FORTALEZA;11024;SÁVIO MESQUITA;113;245;;1;EEFM FÉLIX DE AZEVEDO;RUA MONSENHOR FURTADO, 757;RODOLFO TEÓFILO;
2024;1;FORTALEZA;11024;SÁVIO MESQUITA;113;248;;1;EEFM SANTO AFONSO;RUA GAL. BERNARDO FIGUEIREDO, 2670;PARQUELÂNDIA;
2024;1;FORTALEZA;11024;SÁVIO MESQUITA;113;257;;1;EEF MONSENHOR LINHARES;RUA PROF. LINO ENCARNAÇÃO, 1130;AMADEU FURTADO;
2024;1;FORTALEZA;11024;SÁVIO MESQUITA;113;299;;1;EEFM ESTADO DO PARANÁ;RUA ALBERTO MAGNO, 123;JARDIM AMÉRICA;
2024;1;FORTALEZA;11024;SÁVIO MESQUITA;113;328;;1;ESCOLA ESTADUAL DE EDUCAÇÃO PROFISSIONAL  PRESIDENTE ROOSEVELT;AV BEZERRA DE MENEZES 435;FARIAS BRITO;
2024;1;FORTALEZA;11024;SÁVIO MESQUITA;113;330;;1;ESCOLA ESTADUAL DE EDUCAÇÃO PROFISSIONAL  PRESIDENTE ROOSEVELT;AV BEZERRA DE MENEZES 435;FARIAS BRITO;
2024;1;FORTALEZA;11024;SÁVIO MESQUITA;113;384;;1;ASSOCIAÇÃO DE PAIS E AMIGOS DO DEFICIENTE AUDITIVO - APADA;AV. BEZERRA DE MENEZES, 549;SÃO GERARDO;
2024;1;FORTALEZA;11024;SÁVIO MESQUITA;113;404;;1;COLEGIO CWD-MAXIMUS;RUA DOM LINO, 301;PARQUELÂNDIA;
2024;1;FORTALEZA;11024;SÁVIO MESQUITA;113;406;;1;COLEGIO CWD-MAXIMUS;RUA DOM LINO, 301;PARQUELÂNDIA;
2024;1;FORTALEZA;11024;SÁVIO MESQUITA;114;127;;1;EEFM ESTADO DE ALAGOAS;AVENIDA PRESIDENTE CASTELO BRANCO, 5244;BARRA DO CEARÁ;
2024;1;FORTALEZA;11024;SÁVIO MESQUITA;114;157;;1;EEFM FERNANDO CAVALCANTE MOTA;RUA DA SALEMA 85;BARRA DO CEARÁ;
2024;1;FORTALEZA;11024;SÁVIO MESQUITA;114;288;;1;EMTI ALDEMIR MARTINS;AV. FRANCISCO SÁ, 7460;BARRA DO CEARÁ;
2024;1;FORTALEZA;11024;SÁVIO MESQUITA;114;307;;1;EMTI ALDEMIR MARTINS;AV. FRANCISCO SÁ, 7460;BARRA DO CEARÁ;
2024;1;FORTALEZA;11024;SÁVIO MESQUITA;115;99;;1;EMTI CAROLINO SUCUPIRA;RUA MUNDICA PAULA, 670;PARANGABA;
2024;1;FORTALEZA;11024;SÁVIO MESQUITA;115;101;;1;EMTI CAROLINO SUCUPIRA;RUA MUNDICA PAULA, 670;PARANGABA;
2024;1;FORTALEZA;11024;SÁVIO MESQUITA;115;193;;1;EEMTI MARIA THOMÁSIA;RUA POLONIA, 369;PARANGABA;
2024;1;FORTALEZA;11024;SÁVIO MESQUITA;115;211;;1;PROJETO ABC DA SERRINHA;RUA CONEGO LIMA SUCUPIRA, 1.487;SERRINHA;
2024;1;FORTALEZA;11024;SÁVIO MESQUITA;115;230;;1;EM WALDEMAR BARROSO;RUA CÔNEGO LIMA SUCUPIRA,  1651;SERRINHA;
2024;1;FORTALEZA;11024;SÁVIO MESQUITA;115;259;;1;EM WALDEMAR BARROSO;RUA CÔNEGO LIMA SUCUPIRA,  1651;SERRINHA;
2024;1;FORTALEZA;11024;SÁVIO MESQUITA;115;289;;1;UNIVERSIDADE ESTADUAL DO CEARA - UECE;AV DR. SILAS MUNGUBA, 1700;ITAPERI;
2024;1;FORTALEZA;11024;SÁVIO MESQUITA;115;312;;1;UNIVERSIDADE ESTADUAL DO CEARA - UECE;AV DR. SILAS MUNGUBA, 1700;ITAPERI;
2024;1;FORTALEZA;11024;SÁVIO MESQUITA;115;450;;2;EM MARIA VIVIANE BENEVIDES GOUVEIA;RUA CREUZA ROQUE 247;MANOEL SÁTIRO;
2024;1;FORTALEZA;11024;SÁVIO MESQUITA;115;455;;1;EM HENRIQUETA GALENO;RUA MAJOR MONTENEGRO 917;MANOEL SÁTIRO;
2024;1;FORTALEZA;11024;SÁVIO MESQUITA;116;6;;1;CAIC - MARIA ALVES CARIOCA;RUA GUARAREMA 690;GRANJA LISBOA;
2024;1;FORTALEZA;11024;SÁVIO MESQUITA;116;197;;1;EM PROF LIREDA FACO;RUA TRES CORACOES 735;GRANJA LISBOA;
2024;1;FORTALEZA;11024;SÁVIO MESQUITA;116;198;;1;EM PROF LIREDA FACO;RUA TRES CORACOES 735;GRANJA LISBOA;
2024;1;FORTALEZA;11024;SÁVIO MESQUITA;116;199;;1;EM PROF LIREDA FACO;RUA TRES CORACOES 735;GRANJA LISBOA;
2024;1;FORTALEZA;11024;SÁVIO MESQUITA;116;304;;1;EM MANOEL MALVEIRA MAIA;RUA MANUEL GALDINO 2890;BOM JARDIM;
2024;1;FORTALEZA;11024;SÁVIO MESQUITA;116;369;;1;EM MANOEL MALVEIRA MAIA;RUA MANUEL GALDINO 2890;BOM JARDIM;
2024;1;FORTALEZA;11024;SÁVIO MESQUITA;117;164;;1;EEFM JULIA ALVES PESSOA;RUA SÃO FRANCISCO SN;BOM JARDIM;
2024;1;FORTALEZA;11024;SÁVIO MESQUITA;117;231;;1;EEFM SENADOR OSIRES PONTES;RUA DIVINA 150;SIQUEIRA;
2024;1;FORTALEZA;11024;SÁVIO MESQUITA;117;285;;1;EMEIF MARIA BEZERRA QUEVEDO;RUA 103, 28 - CJ. NOVO MONDUBIM;MANOEL SÁTIRO;
2024;1;FORTALEZA;11024;SÁVIO MESQUITA;117;314;;1;PROJETO ALIANÇA COM CRISTO;RUA WALDEMAR PAES BRAGANÇA 1208;BOM JARDIM;
2024;1;FORTALEZA;11024;SÁVIO MESQUITA;117;390;;1;EEEP DARCY RIBEIRO;RUA CONEGO DE CASTRO, S/N;CONJUNTO ESPERANÇA;
2024;1;FORTALEZA;11024;SÁVIO MESQUITA;117;399;;1;EMEIF MARIA BEZERRA QUEVEDO;RUA 103, 28 - CJ. NOVO MONDUBIM;MANOEL SÁTIRO;
2024;1;FORTALEZA;11024;SÁVIO MESQUITA;118;547;;1;EMEF ODILON GONZAGA BRAVEZA;AV. ALBERTO CRAVEIRO, 1480 C;BOA VISTA-CASTELÃO;
2024;1;FORTALEZA;11024;SÁVIO MESQUITA;118;563;;1;COLÉGIO CONECTIVO;RUA GENERAL ONOFRE, 445;MONDUBIM;
2024;1;FORTALEZA;11024;SÁVIO MESQUITA;118;620;;1;COLÉGIO CONECTIVO;RUA GENERAL ONOFRE, 445;MONDUBIM;
2024;1;FORTALEZA;11024;SÁVIO MESQUITA;118;622;;1;EM DELMA HERMÍNIA DA SILVA PEREIRA;AVENIDA PRESIDENTE COSTA E SILVA, 5606;PASSARÉ;
2024;1;FORTALEZA;11024;SÁVIO MESQUITA;118;628;;1;COLÉGIO CONECTIVO;RUA GENERAL ONOFRE, 445;MONDUBIM;
2024;1;FORTALEZA;11024;SÁVIO MESQUITA;118;644;;1;EEMTI DEPUTADO PAULINO ROCHA;RUA PROFESSOR JOSE SILVEIRA, 528;PASSARÉ;
2024;1;FORTALEZA;11024;SÁVIO MESQUITA;118;678;;1;COLEGIO EXODUS;RUA DOUTOR EDUARDO DIAS, 156;PASSARÉ;
TOTAL;;;;;;;;206;
